config                       Gabriele.Cosmo@cern.ch          Gabriele Cosmo
digits_hits                  asai@slac.stanford.edu          Makoto Asai
digits_hits/detector         asai@slac.stanford.edu          Makoto Asai
digits_hits/digits           asai@slac.stanford.edu          Makoto Asai
digits_hits/hits             asai@slac.stanford.edu          Makoto Asai
digits_hits/utils            asai@slac.stanford.edu          Makoto Asai
error_propagation            Pedro.Arce@ciemat.es            Pedro Arce
event                        asai@slac.stanford.edu          Makoto Asai
g3tog4                       ivana@ipno.in2p3.fr             Ivana Hrivnakova
geometry                     Gabriele.Cosmo@cern.ch          Gabriele Cosmo
geometry/biasing             Alexander.Howard@cern.ch        Alexander Howard
geometry/divisions           Pedro.Arce@ciemat.es            Pedro Arce
geometry/magneticfield       John.Apostolakis@cern.ch        John Apostolakis
geometry/management          Gabriele Cosmo@cern.ch          Gabriele Cosmo
geometry/navigation          Gabriele Cosmo@cern.ch          Gabriele Cosmo
geometry/solids              Gabriele Cosmo@cern.ch          Gabriele Cosmo
geometry/volumes             Gabriele Cosmo@cern.ch          Gabriele Cosmo
global                       Gabriele.Cosmo@cern.ch          Gabriele Cosmo
global/management            Gabriele.Cosmo@cern.ch          Gabriele Cosmo
global/HEPGeometry           Gabriele.Cosmo@cern.ch          Gabriele Cosmo
global/HEPNumerics           Vladimir.Grichine@cern.ch       Vladimir Grichine
graphics_reps                John.Allison@man.ac.uk          John Allison
intercoms                    asai@slac.stanford.edu          Makoto Asai
interfaces                   Koichi.Murakami@kek.jp          Koichi Murakami
"/basic                      Koichi.Murakami@kek.jp          Koichi Murakami
"/GAG                        Koichi.Murakami@kek.jp          Koichi Murakami
"/common                     barrand@lal.in2p3.fr            Guy Barrand
materials                    Marc.Verderi@in2p3.fr           Marc Verderi
parameterisations/gflash     Marc.Verderi@in2p3.fr           Marc Verderi
particles                    kurasige@phys.sci.kobe-u.ac.jp  Hisaya Kurasige
"/adjoint                    desorgher@spaceit.ch            Laurent Desorgher
persistency                  Gabriele.Cosmo@cern.ch          Gabriele Cosmo
"/ascii                      Pedro.Arce@ciemat.es            Pedro Arce
"/gdml                       Witold.Pokorski@cern.ch         Witold Pokorski
"/mctruth                    Witold.Pokorski@cern.ch         Witold Pokorski
physics_lists                Gunter.Folger@cern.ch           Gunter Folger
processes                    John Apostolakis                John Apostolakis
"/biasing                    Alexander.Howard@cern.ch        Alexander Howard
"/cuts                       kurasige@phys.sci.kobe-u.ac.jp  Hisaya Kurasige
"/electromagnetic            Vladimir.Ivantchenko@cern.ch    Vladimir Ivantchenko
"/"/adjoint                  desorgher@spaceit.ch            Laurent Desorgher
"/"/lowenergy                incerti@cenbg.in2p3.fr          Sebastien Incerti
"/"/pii                      Maria.Grazia.Pia@ge.infn.it     Maria Grazia Pia
"/"/polarisation             Andreas.Schaelicke@desy.de      Andreas Schaelicke
"/decay                      kurasige@phys.sci.kobe-u.ac.jp  Hisaya Kurasige
"/hadronic                   dwright@slac.stanford.edu       Dennis Wright
"/"/cross_sections           dwright@slac.stanford.edu       Dennis Wright
"/"/management               dwright@slac.stanford.edu       Dennis Wright
"/"/stopping                 dwright@slac.stanford.edu       Dennis Wright
"/"/util                     dwright@slac.stanford.edu       Dennis Wright
"/"/processes                dwright@slac.stanford.edu       Dennis Wright
"/"/models/abrasion          flei@space.qinetiq.com          Fan Lei
"/"/"/binary_cascade         Gunter.Folger@cern.ch           Gunter Folger
"/"/"/cascade                kelsey@slac.stanford.edu        Mike Kelsey
"/"/"/chiral_inv_phase_space Mikhail.Kossov@cern.ch          Mikhail Kossov
"/"/"/coherent_elastic       Vladimir.Ivantchenko@cern.ch    Vladimir Ivantchenko
"/"/"/de_excitation          Alexander.Howard@cern.ch        Alexander Howard
"/"/"/"/ablation             PRTruscott@space.qinetiq.com    Pete Truscott
"/"/"/"/evaporation          dwright@slac.stanford.edu       Dennis Wright
"/"/"/"/fermi_breakup        dwright@slac.stanford.edu       Dennis Wright
"/"/"/"/fission              dwright@slac.stanford.edu       Dennis Wright
"/"/"/"/gem_evaporation      dwright@slac.stanford.edu       Dennis Wright
"/"/"/"/handler              dwright@slac.stanford.edu       Dennis Wright
"/"/"/"/management           dwright@slac.stanford.edu       Dennis Wright
"/"/"/"/multifragmentation   dwright@slac.stanford.edu       Dennis Wright
"/"/"/"/photon_evaporation   dwright@slac.stanford.edu       Dennis Wright
"/"/"/"/util                 dwright@slac.stanford.edu       Dennis Wright
"/"/"/em_dissociation        PRTruscott@space.qinetiq.com    Pete Truscott
"/"/"/high_energy            dwright@slac.stanford.edu       Dennis Wright
"/"/"/im_r_matrix            Gunter.Folger@cern.ch           Gunter Folger
"/"/"/incl                   kaitanie@cc.helsinki.fi	     Pekka Kaitaniemi
"/"/"/isotope_production     dwright@slac.stanford.edu       Dennis Wright
"/"/"/lend                   tkoi@slac.stanford.edu          Tatsumi Koi
"/"/"/lll_fission            verbeke2@llnl.gov               Jerome Verbeke
"/"/"/low_energy             dwright@slac.stanford.edu       Dennis Wright
"/"/"/management             Gunter.Folger@cern.ch           Gunter Folger
"/"/"/neutron_hp             tkoi@slac.stanford.edu          Tatsumi Koi
"/"/"/parton_string/diffraction    Gunter.Folger@cern.ch     Gunter Folger
"/"/"/"/hadronization        Gunter.Folger@cern.ch           Gunter Folger
"/"/"/"/management           Gunter.Folger@cern.ch           Gunter Folger
"/"/"/"/qgsm                 Gunter.Folger@cern.ch           Gunter Folger
"/"/"/photolepton_hadron     dwright@slac.stanford.edu       Dennis Wright
"/"/"/qmd                    tkoi@slac.stanford.edu          Tatsumi Koi
"/"/"/pre_equilibrium        Alexander.Howard@cern.ch        Alexander Howard
"/"/"/radioactive_decay      desorgher@spaceit.ch            Laurent Desorgher
"/"/"/theo_high_energy       Gunter.Folger@cern.ch           Gunter Folger
"/"/"/util                   Gunter.Folger@cern.ch           Gunter Folger
"/optical                    gum@triumf.ca                   Peter Gumplinger
"/parameterisation           Marc.Verderi@in2p3.fr           Marc Verderi
"/scoring                    asai@slac.stanford.edu          Makoto Asai
"/transportation             John.Apostolakis@cern.ch        John Apostolakis
readout                      asai@slac.stanford.edu          Makoto Asai
run                          asai@slac.stanford.edu          Makoto Asai
track                        kurasige@phys.sci.kobe-u.ac.jp  Hisaya Kurasige
tracking                     Takashi.Sasaki@kek.jp           Takashi Sasaki
visualization                perl@slac.stanford.edu          Joseph Perl
visualization/management     John.Allison@man.ac.uk          John Allison
visualization/modeling       John.Allison@man.ac.uk          John Allison
visualization/HepRep         perl@slac.stanford.edu          Joseph Perl
visualization/FukuiRenderer  stanaka@media.ritsumei.ac.jp    Satoshi Tanaka
visualization/OpenGL         John.Allison@man.ac.uk          John Allison
visualization/OpenInventor   barrand@lal.in2p3.fr            Guy Barrand
visualization/RayTracer      asai@slac.stanford.edu          Makoto Asai
visualization/Tree           stanaka@media.ritsumei.ac.jp    Satoshi Tanaka
visualization/VRML           stanaka@media.ritsumei.ac.jp    Satoshi Tanaka
visualization/XXX            John.Allison@man.ac.uk          John Allison
environments                 Koichi.Murakami@kek.jp          Koichi Murakami
  g4py                       Koichi.Murakami@kek.jp          Koichi Murakami
  MOMO                       Koichi.Murakami@kek.jp          Koichi Murakami
examples                     asai@slac.stanford.edu          Makoto Asai
examples/novice/N01          asai@slac.stanford.edu          Makoto Asai
examples/novice/N02          John.Apostolakis@cern.ch        John Apostolakis
examples/novice/N03          Michel.Maire@lapp.in2p3.fr      Michel Maire
examples/novice/N04          asai@slac.stanford.edu          Makoto Asai 
examples/novice/N05          Marc.Verderi@in2p3.fr           Marc Verderi
examples/novice/N06          gum@triumf.ca                   Peter Gumplinger
examples/novice/N07          asai@slac.stanford.edu          Makoto Asai
examples/advanced            cirrone@lns.infn.it             Pablo Cirrone
  air_shower                 bernardo@lip.pt                 Bernardo Tome
  amsEcal                    Michel.Maire@lapp.in2p3.fr      Michel Maire
  brachytherapy              susanna@uow.edu.au              Susanna Guatelli
  ChargeExchangeMC           cirrone@lns.infn.it             Pablo Cirrone
  composite_calorimeter      Andrea.Dotti@cern.ch            Andrea Dotti
  eRosita                    Maria.Grazia.Pia@ge.infn.it     Maria Grazia Pia
  gammaray_telescope         longof@ts.infn.it               Francesco Longo
  hadrontherapy              cirrone@lns.infn.it             Pablo Cirrone
  human_phantom              susanna@uow.edu.au              Susanna Guatelli
  lAr_calorimeter            Andrea.Dotti@cern.ch            Andrea Dotti
  medical_linac              cirrone@lns.infn.it             Pablo Cirrone
  microbeam                  incerti@cenbg.in2p3.fr          Sebastien Incerti
  microdosimetry             incerti@cenbg.in2p3.fr          Sebastien Incerti
  nanobeam                   incerti@cenbg.in2p3.fr          Sebastien Incerti
  purging_magnet             John.Apostolakis@cern.ch        John Apostolakis
  radioprotection            cirrone@lns.infn.it             Pablo Cirrone
  Rich                       Andrea.Dotti@cern.ch            Andrea Dotti
  underground_physics        Alexander.Howard@cern.ch        Alexander Howard 
  xray_fluorescence          Alfonso.Mantero@ge.infn.it      Alfonso Mantero
  xray_telescope             Giovanni.Santin@esa.int         Giovanni Santin
examples/extended
  analysis:
    A01                      perl@slac.stanford.edu          Joseph Perl
    AnaEx01                  Guy.Barrand@lal.in2p3.fr        Guy Barrand
    N03Con                   tkoi@slac.stanford.edu          Tatsumi Koi
  biasing
    B01, B02                 Alexander.Howard@cern.ch        Alexander Howard
    ReverseMC01              desorgher@spaceit.ch            Laurent Desorgher
  electromagnetic:
    TestEm1,2,5,6,7,9        Vladimir.Ivantchenko@cern.ch    Vladimir Ivantchenko
    TestEm3,4                Michel.Maire@lapp.in2p3.fr      Michel Maire
    TestEm8,10               Vladimir.Grichine@cern.ch       Vladimir Grichine
    TestEm11-18              Michel.Maire@lapp.in2p3.fr      Michel Maire
  errorpropagation           Pedro.Arce@ciemat.es            Pedro Arce
  eventgenerator:
    exgps                    flei@space.qinetiq.com          Fan Lei
    HepMCEx01,02             Koichi.Murakami@kek.jp          Koichi Murakami
    MCTruth                  Witold.Pokorski@cern.ch         Witold Pokorski
    pythia                   ivana@ipno.in2p3.fr             Ivana Hrivnakova
  exoticphysics:
    monopole                 Vladimir.Ivantchenko@cern.ch    Vladimir Ivantchenko
  field:
    BlineTracer              desorgher@spaceit.ch            Laurent Desorgher
    field01,02,03            John.Apostolakis@cern.ch        John Apostolakis
    field04,05               gum@triumf.ca                   Peter Gumplinger
  g3tog4:
    clGeometry, cltog4       ivana@ipno.in2p3.fr             Ivana Hrivnakova
  geometry/olap              Gabriele.Cosmo@cern.ch          Gabriele Cosmo
  hadronic:
    Hadr00                   Vladimir.Ivantchenko@cern.ch    Vladimir Ivantchenko
    Hadr01                   Vladimir.Ivantchenko@cern.ch    Vladimir Ivantchenko
  medical:
    DICOM                    Pedro.Arce@ciemat.es            Pedro Arce
    electronScattering       Michel.Maire@lapp.in2p3.fr      Michel Maire
    electronScattering2      perl@slac.stanford.edu          Joseph Perl
    fanoCavity               Michel.Maire@lapp.in2p3.fr      Michel Maire
    fanoCavity2              Michel.Maire@lapp.in2p3.fr      Michel Maire
    GammaTherapy             Vladimir.Ivantchenko@cern.ch    Vladimir Ivantchenko
  optical:
    LXe                      gum@triumf.ca                   Peter Gumplinger
    wls                      gum@triumf.ca                   Peter Gumplinger
  parallel:
    ParN02, ParN04           gene@ccs.neu.edu                Gene Cooperman
    MPI                      Koichi.Murakami@kek.jp          Koichi Murakami
  parameterisations/gflash   Marc.Verderi@in2p3.fr           Marc Verderi
  persistency
    gdml                     Witold.Pokorski@cern.ch         Witold Pokorski
    P01                      Witold.Pokorski@cern.ch         Witold Pokorski
    P02                      Witold.Pokorski@cern.ch         Witold Pokorski
    P03                      Pedro.Arce@ciemat.es            Pedro Arce
  polarisation/Pol01         Vladimir.Ivantchenko@cern.ch    Vladimir Ivantchenko
  radioactivedecay/exrdm     flei@space.qinetiq.com          Fan Lei
  runAndEvent:
    RE01                     asai@slac.stanford.edu          Makoto Asai
    RE02                     asai@slac.stanford.edu          Makoto Asai
    RE03                     asai@slac.stanford.edu          Makoto Asai
  visualization:
    perspective              John.Allison@man.ac.uk          John Allison
    standalone               John.Allison@man.ac.uk          John Allison
    userVisAction            John.Allison@man.ac.uk          John Allison
tests                        Gunter.Folger@cern.ch           Gunter Folger
      test01                 Gabriele.Cosmo@cern.ch          Gabriele Cosmo
      test02                 Vladimir.Ivantchenko@cern.ch    Vladimir Ivantchenko
      test02.hadron          dwright@slac.stanford.edu       Dennis Wright
      test03                 (not currently used - see tests/GNUmakefile)
      test04                 (not currently used - see tests/GNUmakefile)
      test05                 Gabriele.Cosmo@cern.ch          Gabriele Cosmo
      test06                 (not currently used - see tests/GNUmakefile)
      test07                 Gunter.Folger@cern.ch           Gunter Folger
      test08                 (not currently used - see tests/GNUmakefile)
      test09                 Vladimir.Ivantchenko@cern.ch    Vladimir Ivantchenko
      test10                 gum@triumf.ca                   Peter Gumplinger
      test11                 tkoi@slac.stanford.edu          Tatsumi Koi
      test12                 Gunter.Folger@cern.ch           Gunter Folger
      test13                 Gunter.Folger@cern.ch           Gunter Folger
      test14                 incerti@cenbg.in2p3.fr          Sebastien Incerti
      test15                 dwright@slac.stanford.edu       Dennis Wright
      test16                 dwright@slac.stanford.edu       Dennis Wright
      test17                 Vladimir.Ivantchenko@cern.ch    Vladimir Ivantchenko
      test18                 flei@space.qinetiq.com          Fan Lei
      test19                 Mikhail.Kossov@cern.ch          Mikhail Kossov
      test20                 (not currently used - see tests/GNUmakefile)
      test21                 dwright@slac.stanford.edu       Dennis Wright
      test22                 dwright@slac.stanford.edu       Dennis Wright
      test23                 dwright@slac.stanford.edu       Dennis Wright
      test24                 Gunter.Folger@cern.ch           Gunter Folger
      test25                 Gunter.Folger@cern.ch           Gunter Folger
      test26                 (not currently used - see tests/GNUmakefile)
      test27                 Gunter.Folger@cern.ch           Gunter Folger
      test28                 flei@space.qinetiq.com          Fan Lei
      test29                 Mikhail.Kossov@cern.ch          Mikhail Kossov
      test30                 Vladimir.Ivantchenko@cern.ch    Vladimir Ivantchenko
      test31                 Vladimir.Ivantchenko@cern.ch    Vladimir Ivantchenko
      test32                 asai@slac.stanford.edu          Makoto Asai
      test33                 Alexander.Howard@cern.ch        Alexander Howard
      test34                 Marc.Verderi@in2p3.fr           Marc Verderi
      test35                 Vladimir.Ivantchenko@cern.ch    Vladimir Ivantchenko
      test36                 Vladimir.Grichine@cern.ch       Vladimir Grichine
      test37                 Omrane.Ben.Mbarek.Kadri@cern.ch Omrane Kadri                    
      test38                 Mikhail.Kossov@cern.ch          Mikhail Kossov
      test39                 Mikhail.Kossov@cern.ch          Mikhail Kossov
      test40                 Vladimir.Ivantchenko@cern.ch    Vladimir Ivantchenko
      test41                 Vladimir.Ivantchenko@cern.ch    Vladimir Ivantchenko
      test44                 Vladimir.Ivantchenko@cern.ch    Vladimir Ivantchenko
      test45                 Vladimir.Ivantchenko@cern.ch    Vladimir Ivantchenko
      test46                 Vladimir.Ivantchenko@cern.ch    Vladimir Ivantchenko
      test47                 Sunanda.Banerjee@cern.ch        Sunanda Banerjee
      test49                 Mikhail.Kossov@cern.ch          Mikhail Kossov
      test50                 incerti@cenbg.in2p3.fr          Sebastien Incerti
      test52                 Anton.Lechner@cern.ch	     Anton Lechner
      test53                 Vladimir.Ivantchenko@cern.ch    Vladimir Ivantchenko
      test54                 Vladimir.Ivantchenko@cern.ch    Vladimir Ivantchenko
      test55                 Anton.Lechner@cern.ch	     Anton Lechner
      test56                 alfonso.mantero@gmail.com       Alfonso Mantero
      test58                 Vladimir.Ivantchenko@cern.ch    Vladimir Ivantchenko
      test60                 incerti@cenbg.in2p3.fr          Sebastien Incerti
      test61                 tkoi@slac.stanford.edu          Tatsumi Koi
      test62                 kaitanie@cc.helsinki.fi	     Pekka Kaitaniemi
      test65                 tkoi@slac.stanford.edu          Tatsumi Koi
      test201                barrand@lal.in2p3.fr            Guy Barrand
      test202                John.Allison@man.ac.uk          John Allison
